"filename", "language", "C++", "C", "Log", "Lua", "CMake", "XML", "Shell Script", "HTML", "JavaScript", "CSS", "Markdown", "comment", "blank", "total"
"d:\Proyectos de Programación\C++\Caelis Chaos\Caelis Chaos\Caelis Chaos.cpp", "C++", -442, 0, 0, 0, 0, 0, 0, 0, 0, 0, 0, -108, -90, -640
"d:\Proyectos de Programación\C++\Caelis Chaos\Caelis Chaos\Caelis Chaos.vcxproj", "XML", 0, 0, 0, 0, 0, -160, 0, 0, 0, 0, 0, 0, 0, -160
"d:\Proyectos de Programación\C++\Caelis Chaos\Caelis Chaos\Release\Caelis Chaos.log", "Log", 0, 0, -16, 0, 0, 0, 0, 0, 0, 0, 0, 0, -1, -17
"d:\Proyectos de Programación\C++\Caelis Chaos\Caelis Chaos\TobiGameEngine\RTS-utilities\Building.cpp", "C++", -30, 0, 0, 0, 0, 0, 0, 0, 0, 0, 0, 0, -6, -36
"d:\Proyectos de Programación\C++\Caelis Chaos\Caelis Chaos\TobiGameEngine\RTS-utilities\Building.h", "C++", -18, 0, 0, 0, 0, 0, 0, 0, 0, 0, 0, 0, -9, -27
"d:\Proyectos de Programación\C++\Caelis Chaos\Caelis Chaos\TobiGameEngine\RTS-utilities\Entity.cpp", "C++", -55, 0, 0, 0, 0, 0, 0, 0, 0, 0, 0, 0, -14, -69
"d:\Proyectos de Programación\C++\Caelis Chaos\Caelis Chaos\TobiGameEngine\RTS-utilities\Entity.h", "C++", -24, 0, 0, 0, 0, 0, 0, 0, 0, 0, 0, 0, -18, -42
"d:\Proyectos de Programación\C++\Caelis Chaos\Caelis Chaos\TobiGameEngine\RTS-utilities\Player.cpp", "C++", -37, 0, 0, 0, 0, 0, 0, 0, 0, 0, 0, 0, -9, -46
"d:\Proyectos de Programación\C++\Caelis Chaos\Caelis Chaos\TobiGameEngine\RTS-utilities\Player.h", "C++", -23, 0, 0, 0, 0, 0, 0, 0, 0, 0, 0, 0, -16, -39
"d:\Proyectos de Programación\C++\Caelis Chaos\Caelis Chaos\TobiGameEngine\RTS-utilities\Sprite.cpp", "C++", -12, 0, 0, 0, 0, 0, 0, 0, 0, 0, 0, 0, -2, -14
"d:\Proyectos de Programación\C++\Caelis Chaos\Caelis Chaos\TobiGameEngine\RTS-utilities\Sprite.h", "C++", -12, 0, 0, 0, 0, 0, 0, 0, 0, 0, 0, 0, -5, -17
"d:\Proyectos de Programación\C++\Caelis Chaos\Caelis Chaos\TobiGameEngine\RTS-utilities\Unit.cpp", "C++", -80, 0, 0, 0, 0, 0, 0, 0, 0, 0, 0, 0, -13, -93
"d:\Proyectos de Programación\C++\Caelis Chaos\Caelis Chaos\TobiGameEngine\RTS-utilities\Unit.h", "C++", -38, 0, 0, 0, 0, 0, 0, 0, 0, 0, 0, 0, -12, -50
"d:\Proyectos de Programación\C++\Caelis Chaos\Caelis Chaos\TobiGameEngine\TobiGameEngine.h", "C++", -249, 0, 0, 0, 0, 0, 0, 0, 0, 0, 0, -10, -69, -328
"d:\Proyectos de Programación\C++\Caelis Chaos\Caelis Chaos\glad.c", "C", 0, -1069, 0, 0, 0, 0, 0, 0, 0, 0, 0, -25, -47, -1141
"d:\Proyectos de Programación\C++\Caelis Chaos\Caelis Chaos\include\GLFW\glfw3.h", "C++", -597, 0, 0, 0, 0, 0, 0, 0, 0, 0, 0, -5068, -248, -5913
"d:\Proyectos de Programación\C++\Caelis Chaos\Caelis Chaos\include\GLFW\glfw3native.h", "C++", -93, 0, 0, 0, 0, 0, 0, 0, 0, 0, 0, -495, -41, -629
"d:\Proyectos de Programación\C++\Caelis Chaos\Caelis Chaos\include\KHR\khrplatform.h", "C++", -117, 0, 0, 0, 0, 0, 0, 0, 0, 0, 0, -165, -30, -312
"d:\Proyectos de Programación\C++\Caelis Chaos\Caelis Chaos\include\glad\glad.h", "C++", -2093, 0, 0, 0, 0, 0, 0, 0, 0, 0, 0, -20, -17, -2130
"d:\Proyectos de Programación\C++\Caelis Chaos\Caelis Chaos\x64\Debug\Caelis Chaos.log", "Log", 0, 0, -9, 0, 0, 0, 0, 0, 0, 0, 0, 0, -1, -10
"d:\Proyectos de Programación\CaelisChaos\Caelis Chaos\Caelis Chaos.cpp", "C++", 2240, 0, 0, 0, 0, 0, 0, 0, 0, 0, 0, 149, 436, 2825
"d:\Proyectos de Programación\CaelisChaos\Caelis Chaos\Caelis Chaos.vcxproj", "XML", 0, 0, 0, 0, 0, 212, 0, 0, 0, 0, 0, 0, 0, 212
"d:\Proyectos de Programación\CaelisChaos\Caelis Chaos\Debug\Caelis Chaos.log", "Log", 0, 0, 30, 0, 0, 0, 0, 0, 0, 0, 0, 0, 1, 31
"d:\Proyectos de Programación\CaelisChaos\Caelis Chaos\Release\Caelis Chaos.log", "Log", 0, 0, 2, 0, 0, 0, 0, 0, 0, 0, 0, 0, 1, 3
"d:\Proyectos de Programación\CaelisChaos\Caelis Chaos\TobiGameEngine\GUI\Button.cpp", "C++", 94, 0, 0, 0, 0, 0, 0, 0, 0, 0, 0, 10, 16, 120
"d:\Proyectos de Programación\CaelisChaos\Caelis Chaos\TobiGameEngine\GUI\Button.h", "C++", 33, 0, 0, 0, 0, 0, 0, 0, 0, 0, 0, 5, 19, 57
"d:\Proyectos de Programación\CaelisChaos\Caelis Chaos\TobiGameEngine\LTexture.cpp", "C++", 181, 0, 0, 0, 0, 0, 0, 0, 0, 0, 0, 36, 39, 256
"d:\Proyectos de Programación\CaelisChaos\Caelis Chaos\TobiGameEngine\LTexture.h", "C++", 39, 0, 0, 0, 0, 0, 0, 0, 0, 0, 0, 18, 23, 80
"d:\Proyectos de Programación\CaelisChaos\Caelis Chaos\TobiGameEngine\LTimer.cpp", "C++", 64, 0, 0, 0, 0, 0, 0, 0, 0, 0, 0, 21, 18, 103
"d:\Proyectos de Programación\CaelisChaos\Caelis Chaos\TobiGameEngine\LTimer.h", "C++", 21, 0, 0, 0, 0, 0, 0, 0, 0, 0, 0, 7, 9, 37
"d:\Proyectos de Programación\CaelisChaos\Caelis Chaos\TobiGameEngine\RTS-utilities\Building.cpp", "C++", 118, 0, 0, 0, 0, 0, 0, 0, 0, 0, 0, 0, 21, 139
"d:\Proyectos de Programación\CaelisChaos\Caelis Chaos\TobiGameEngine\RTS-utilities\Building.h", "C++", 44, 0, 0, 0, 0, 0, 0, 0, 0, 0, 0, 0, 23, 67
"d:\Proyectos de Programación\CaelisChaos\Caelis Chaos\TobiGameEngine\RTS-utilities\Entity.cpp", "C++", 70, 0, 0, 0, 0, 0, 0, 0, 0, 0, 0, 0, 17, 87
"d:\Proyectos de Programación\CaelisChaos\Caelis Chaos\TobiGameEngine\RTS-utilities\Entity.h", "C++", 36, 0, 0, 0, 0, 0, 0, 0, 0, 0, 0, 0, 21, 57
"d:\Proyectos de Programación\CaelisChaos\Caelis Chaos\TobiGameEngine\RTS-utilities\Player.cpp", "C++", 97, 0, 0, 0, 0, 0, 0, 0, 0, 0, 0, 0, 27, 124
"d:\Proyectos de Programación\CaelisChaos\Caelis Chaos\TobiGameEngine\RTS-utilities\Player.h", "C++", 53, 0, 0, 0, 0, 0, 0, 0, 0, 0, 0, 1, 26, 80
"d:\Proyectos de Programación\CaelisChaos\Caelis Chaos\TobiGameEngine\RTS-utilities\Projectile.cpp", "C++", 19, 0, 0, 0, 0, 0, 0, 0, 0, 0, 0, 0, 4, 23
"d:\Proyectos de Programación\CaelisChaos\Caelis Chaos\TobiGameEngine\RTS-utilities\Projectile.h", "C++", 18, 0, 0, 0, 0, 0, 0, 0, 0, 0, 0, 0, 12, 30
"d:\Proyectos de Programación\CaelisChaos\Caelis Chaos\TobiGameEngine\RTS-utilities\Sprite.cpp", "C++", 12, 0, 0, 0, 0, 0, 0, 0, 0, 0, 0, 0, 2, 14
"d:\Proyectos de Programación\CaelisChaos\Caelis Chaos\TobiGameEngine\RTS-utilities\Sprite.h", "C++", 12, 0, 0, 0, 0, 0, 0, 0, 0, 0, 0, 0, 5, 17
"d:\Proyectos de Programación\CaelisChaos\Caelis Chaos\TobiGameEngine\RTS-utilities\Unit.cpp", "C++", 117, 0, 0, 0, 0, 0, 0, 0, 0, 0, 0, 0, 21, 138
"d:\Proyectos de Programación\CaelisChaos\Caelis Chaos\TobiGameEngine\RTS-utilities\Unit.h", "C++", 48, 0, 0, 0, 0, 0, 0, 0, 0, 0, 0, 0, 30, 78
"d:\Proyectos de Programación\CaelisChaos\Caelis Chaos\TobiGameEngine\TobiGameEngine.h", "C++", 417, 0, 0, 0, 0, 0, 0, 0, 0, 0, 0, 34, 110, 561
"d:\Proyectos de Programación\CaelisChaos\Caelis Chaos\enet-1.3.17\DoxygenLayout.xml", "XML", 0, 0, 0, 0, 0, 179, 0, 0, 0, 0, 0, 7, 6, 192
"d:\Proyectos de Programación\CaelisChaos\Caelis Chaos\enet-1.3.17\callbacks.c", "C", 0, 37, 0, 0, 0, 0, 0, 0, 0, 0, 0, 4, 13, 54
"d:\Proyectos de Programación\CaelisChaos\Caelis Chaos\enet-1.3.17\compress.c", "C", 0, 578, 0, 0, 0, 0, 0, 0, 0, 0, 0, 17, 60, 655
"d:\Proyectos de Programación\CaelisChaos\Caelis Chaos\enet-1.3.17\docs\html\Downloads.html", "HTML", 0, 0, 0, 0, 0, 0, 0, 71, 0, 0, 0, 5, 3, 79
"d:\Proyectos de Programación\CaelisChaos\Caelis Chaos\enet-1.3.17\docs\html\FAQ.html", "HTML", 0, 0, 0, 0, 0, 0, 0, 74, 0, 0, 0, 5, 3, 82
"d:\Proyectos de Programación\CaelisChaos\Caelis Chaos\enet-1.3.17\docs\html\FAQ_8dox.html", "HTML", 0, 0, 0, 0, 0, 0, 0, 68, 0, 0, 0, 5, 3, 76
"d:\Proyectos de Programación\CaelisChaos\Caelis Chaos\enet-1.3.17\docs\html\Features.html", "HTML", 0, 0, 0, 0, 0, 0, 0, 102, 0, 0, 0, 5, 3, 110
"d:\Proyectos de Programación\CaelisChaos\Caelis Chaos\enet-1.3.17\docs\html\IRCChannel.html", "HTML", 0, 0, 0, 0, 0, 0, 0, 69, 0, 0, 0, 5, 3, 77
"d:\Proyectos de Programación\CaelisChaos\Caelis Chaos\enet-1.3.17\docs\html\Installation.html", "HTML", 0, 0, 0, 0, 0, 0, 0, 91, 0, 0, 0, 5, 3, 99
"d:\Proyectos de Programación\CaelisChaos\Caelis Chaos\enet-1.3.17\docs\html\License.html", "HTML", 0, 0, 0, 0, 0, 0, 0, 72, 0, 0, 0, 5, 3, 80
"d:\Proyectos de Programación\CaelisChaos\Caelis Chaos\enet-1.3.17\docs\html\MailingList.html", "HTML", 0, 0, 0, 0, 0, 0, 0, 69, 0, 0, 0, 5, 3, 77
"d:\Proyectos de Programación\CaelisChaos\Caelis Chaos\enet-1.3.17\docs\html\Tutorial.html", "HTML", 0, 0, 0, 0, 0, 0, 0, 111, 0, 0, 0, 5, 3, 119
"d:\Proyectos de Programación\CaelisChaos\Caelis Chaos\enet-1.3.17\docs\html\annotated.html", "HTML", 0, 0, 0, 0, 0, 0, 0, 100, 0, 0, 0, 5, 3, 108
"d:\Proyectos de Programación\CaelisChaos\Caelis Chaos\enet-1.3.17\docs\html\callbacks_8c.html", "HTML", 0, 0, 0, 0, 0, 0, 0, 108, 0, 0, 0, 5, 6, 119
"d:\Proyectos de Programación\CaelisChaos\Caelis Chaos\enet-1.3.17\docs\html\callbacks_8h.html", "HTML", 0, 0, 0, 0, 0, 0, 0, 93, 0, 0, 0, 5, 4, 102
"d:\Proyectos de Programación\CaelisChaos\Caelis Chaos\enet-1.3.17\docs\html\compress_8c.html", "HTML", 0, 0, 0, 0, 0, 0, 0, 863, 0, 0, 0, 5, 36, 904
"d:\Proyectos de Programación\CaelisChaos\Caelis Chaos\enet-1.3.17\docs\html\design_8dox.html", "HTML", 0, 0, 0, 0, 0, 0, 0, 68, 0, 0, 0, 5, 3, 76
"d:\Proyectos de Programación\CaelisChaos\Caelis Chaos\enet-1.3.17\docs\html\dir_d44c64559bbebec7f509842c48db8b23.html", "HTML", 0, 0, 0, 0, 0, 0, 0, 78, 0, 0, 0, 5, 3, 86
"d:\Proyectos de Programación\CaelisChaos\Caelis Chaos\enet-1.3.17\docs\html\dir_fd6c3a2b8754f03ff2a62b53108cf6e2.html", "HTML", 0, 0, 0, 0, 0, 0, 0, 103, 0, 0, 0, 5, 3, 111
"d:\Proyectos de Programación\CaelisChaos\Caelis Chaos\enet-1.3.17\docs\html\doxygen.css", "CSS", 0, 0, 0, 0, 0, 0, 0, 0, 0, 1260, 0, 84, 253, 1597
"d:\Proyectos de Programación\CaelisChaos\Caelis Chaos\enet-1.3.17\docs\html\dynsections.js", "JavaScript", 0, 0, 0, 0, 0, 0, 0, 0, 80, 0, 0, 7, 11, 98
"d:\Proyectos de Programación\CaelisChaos\Caelis Chaos\enet-1.3.17\docs\html\enet_8h.html", "HTML", 0, 0, 0, 0, 0, 0, 0, 1115, 0, 0, 0, 5, 76, 1196
"d:\Proyectos de Programación\CaelisChaos\Caelis Chaos\enet-1.3.17\docs\html\files.html", "HTML", 0, 0, 0, 0, 0, 0, 0, 92, 0, 0, 0, 5, 3, 100
"d:\Proyectos de Programación\CaelisChaos\Caelis Chaos\enet-1.3.17\docs\html\globals.html", "HTML", 0, 0, 0, 0, 0, 0, 0, 916, 0, 0, 0, 5, 4, 925
"d:\Proyectos de Programación\CaelisChaos\Caelis Chaos\enet-1.3.17\docs\html\globals_defs.html", "HTML", 0, 0, 0, 0, 0, 0, 0, 258, 0, 0, 0, 5, 6, 269
"d:\Proyectos de Programación\CaelisChaos\Caelis Chaos\enet-1.3.17\docs\html\globals_enum.html", "HTML", 0, 0, 0, 0, 0, 0, 0, 96, 0, 0, 0, 5, 3, 104
"d:\Proyectos de Programación\CaelisChaos\Caelis Chaos\enet-1.3.17\docs\html\globals_eval.html", "HTML", 0, 0, 0, 0, 0, 0, 0, 376, 0, 0, 0, 5, 4, 385
"d:\Proyectos de Programación\CaelisChaos\Caelis Chaos\enet-1.3.17\docs\html\globals_func.html", "HTML", 0, 0, 0, 0, 0, 0, 0, 359, 0, 0, 0, 5, 4, 368
"d:\Proyectos de Programación\CaelisChaos\Caelis Chaos\enet-1.3.17\docs\html\globals_m.html", "HTML", 0, 0, 0, 0, 0, 0, 0, 70, 0, 0, 0, 5, 4, 79
"d:\Proyectos de Programación\CaelisChaos\Caelis Chaos\enet-1.3.17\docs\html\globals_s.html", "HTML", 0, 0, 0, 0, 0, 0, 0, 70, 0, 0, 0, 5, 4, 79
"d:\Proyectos de Programación\CaelisChaos\Caelis Chaos\enet-1.3.17\docs\html\globals_type.html", "HTML", 0, 0, 0, 0, 0, 0, 0, 101, 0, 0, 0, 5, 3, 109
"d:\Proyectos de Programación\CaelisChaos\Caelis Chaos\enet-1.3.17\docs\html\group__Address.html", "HTML", 0, 0, 0, 0, 0, 0, 0, 274, 0, 0, 0, 5, 19, 298
"d:\Proyectos de Programación\CaelisChaos\Caelis Chaos\enet-1.3.17\docs\html\group__Packet.html", "HTML", 0, 0, 0, 0, 0, 0, 0, 217, 0, 0, 0, 5, 18, 240
"d:\Proyectos de Programación\CaelisChaos\Caelis Chaos\enet-1.3.17\docs\html\group__callbacks.html", "HTML", 0, 0, 0, 0, 0, 0, 0, 114, 0, 0, 0, 5, 9, 128
"d:\Proyectos de Programación\CaelisChaos\Caelis Chaos\enet-1.3.17\docs\html\group__global.html", "HTML", 0, 0, 0, 0, 0, 0, 0, 182, 0, 0, 0, 5, 19, 206
"d:\Proyectos de Programación\CaelisChaos\Caelis Chaos\enet-1.3.17\docs\html\group__host.html", "HTML", 0, 0, 0, 0, 0, 0, 0, 560, 0, 0, 0, 5, 50, 615
"d:\Proyectos de Programación\CaelisChaos\Caelis Chaos\enet-1.3.17\docs\html\group__list.html", "HTML", 0, 0, 0, 0, 0, 0, 0, 197, 0, 0, 0, 5, 18, 220
"d:\Proyectos de Programación\CaelisChaos\Caelis Chaos\enet-1.3.17\docs\html\group__peer.html", "HTML", 0, 0, 0, 0, 0, 0, 0, 805, 0, 0, 0, 5, 73, 883
"d:\Proyectos de Programación\CaelisChaos\Caelis Chaos\enet-1.3.17\docs\html\group__private.html", "HTML", 0, 0, 0, 0, 0, 0, 0, 79, 0, 0, 0, 5, 3, 87
"d:\Proyectos de Programación\CaelisChaos\Caelis Chaos\enet-1.3.17\docs\html\group__socket.html", "HTML", 0, 0, 0, 0, 0, 0, 0, 516, 0, 0, 0, 5, 45, 566
"d:\Proyectos de Programación\CaelisChaos\Caelis Chaos\enet-1.3.17\docs\html\host_8c.html", "HTML", 0, 0, 0, 0, 0, 0, 0, 122, 0, 0, 0, 5, 6, 133
"d:\Proyectos de Programación\CaelisChaos\Caelis Chaos\enet-1.3.17\docs\html\index.html", "HTML", 0, 0, 0, 0, 0, 0, 0, 79, 0, 0, 0, 5, 3, 87
"d:\Proyectos de Programación\CaelisChaos\Caelis Chaos\enet-1.3.17\docs\html\install_8dox.html", "HTML", 0, 0, 0, 0, 0, 0, 0, 68, 0, 0, 0, 5, 3, 76
"d:\Proyectos de Programación\CaelisChaos\Caelis Chaos\enet-1.3.17\docs\html\jquery.js", "JavaScript", 0, 0, 0, 0, 0, 0, 0, 0, 9, 0, 0, 78, 0, 87
"d:\Proyectos de Programación\CaelisChaos\Caelis Chaos\enet-1.3.17\docs\html\license_8dox.html", "HTML", 0, 0, 0, 0, 0, 0, 0, 68, 0, 0, 0, 5, 3, 76
"d:\Proyectos de Programación\CaelisChaos\Caelis Chaos\enet-1.3.17\docs\html\list_8c.html", "HTML", 0, 0, 0, 0, 0, 0, 0, 108, 0, 0, 0, 5, 6, 119
"d:\Proyectos de Programación\CaelisChaos\Caelis Chaos\enet-1.3.17\docs\html\list_8h.html", "HTML", 0, 0, 0, 0, 0, 0, 0, 251, 0, 0, 0, 5, 20, 276
"d:\Proyectos de Programación\CaelisChaos\Caelis Chaos\enet-1.3.17\docs\html\mainpage_8dox.html", "HTML", 0, 0, 0, 0, 0, 0, 0, 68, 0, 0, 0, 5, 3, 76
"d:\Proyectos de Programación\CaelisChaos\Caelis Chaos\enet-1.3.17\docs\html\menu.js", "JavaScript", 0, 0, 0, 0, 0, 0, 0, 0, 25, 0, 0, 0, 2, 27
"d:\Proyectos de Programación\CaelisChaos\Caelis Chaos\enet-1.3.17\docs\html\menudata.js", "JavaScript", 0, 0, 0, 0, 0, 0, 0, 0, 28, 0, 0, 0, 1, 29
"d:\Proyectos de Programación\CaelisChaos\Caelis Chaos\enet-1.3.17\docs\html\modules.html", "HTML", 0, 0, 0, 0, 0, 0, 0, 81, 0, 0, 0, 5, 3, 89
"d:\Proyectos de Programación\CaelisChaos\Caelis Chaos\enet-1.3.17\docs\html\packet_8c.html", "HTML", 0, 0, 0, 0, 0, 0, 0, 110, 0, 0, 0, 5, 6, 121
"d:\Proyectos de Programación\CaelisChaos\Caelis Chaos\enet-1.3.17\docs\html\peer_8c.html", "HTML", 0, 0, 0, 0, 0, 0, 0, 149, 0, 0, 0, 5, 6, 160
"d:\Proyectos de Programación\CaelisChaos\Caelis Chaos\enet-1.3.17\docs\html\protocol_8c.html", "HTML", 0, 0, 0, 0, 0, 0, 0, 130, 0, 0, 0, 5, 8, 143
"d:\Proyectos de Programación\CaelisChaos\Caelis Chaos\enet-1.3.17\docs\html\protocol_8h.html", "HTML", 0, 0, 0, 0, 0, 0, 0, 279, 0, 0, 0, 5, 12, 296
"d:\Proyectos de Programación\CaelisChaos\Caelis Chaos\enet-1.3.17\docs\html\search\all_0.html", "HTML", 0, 0, 0, 0, 0, 0, 0, 21, 0, 0, 0, 5, 1, 27
"d:\Proyectos de Programación\CaelisChaos\Caelis Chaos\enet-1.3.17\docs\html\search\all_0.js", "JavaScript", 0, 0, 0, 0, 0, 0, 0, 0, 7, 0, 0, 0, 1, 8
"d:\Proyectos de Programación\CaelisChaos\Caelis Chaos\enet-1.3.17\docs\html\search\all_1.html", "HTML", 0, 0, 0, 0, 0, 0, 0, 21, 0, 0, 0, 5, 1, 27
"d:\Proyectos de Programación\CaelisChaos\Caelis Chaos\enet-1.3.17\docs\html\search\all_1.js", "JavaScript", 0, 0, 0, 0, 0, 0, 0, 0, 8, 0, 0, 0, 1, 9
"d:\Proyectos de Programación\CaelisChaos\Caelis Chaos\enet-1.3.17\docs\html\search\all_10.html", "HTML", 0, 0, 0, 0, 0, 0, 0, 21, 0, 0, 0, 5, 1, 27
"d:\Proyectos de Programación\CaelisChaos\Caelis Chaos\enet-1.3.17\docs\html\search\all_10.js", "JavaScript", 0, 0, 0, 0, 0, 0, 0, 0, 11, 0, 0, 0, 1, 12
"d:\Proyectos de Programación\CaelisChaos\Caelis Chaos\enet-1.3.17\docs\html\search\all_11.html", "HTML", 0, 0, 0, 0, 0, 0, 0, 21, 0, 0, 0, 5, 1, 27
"d:\Proyectos de Programación\CaelisChaos\Caelis Chaos\enet-1.3.17\docs\html\search\all_11.js", "JavaScript", 0, 0, 0, 0, 0, 0, 0, 0, 4, 0, 0, 0, 1, 5
"d:\Proyectos de Programación\CaelisChaos\Caelis Chaos\enet-1.3.17\docs\html\search\all_12.html", "HTML", 0, 0, 0, 0, 0, 0, 0, 21, 0, 0, 0, 5, 1, 27
"d:\Proyectos de Programación\CaelisChaos\Caelis Chaos\enet-1.3.17\docs\html\search\all_12.js", "JavaScript", 0, 0, 0, 0, 0, 0, 0, 0, 6, 0, 0, 0, 1, 7
"d:\Proyectos de Programación\CaelisChaos\Caelis Chaos\enet-1.3.17\docs\html\search\all_2.html", "HTML", 0, 0, 0, 0, 0, 0, 0, 21, 0, 0, 0, 5, 1, 27
"d:\Proyectos de Programación\CaelisChaos\Caelis Chaos\enet-1.3.17\docs\html\search\all_2.js", "JavaScript", 0, 0, 0, 0, 0, 0, 0, 0, 21, 0, 0, 0, 1, 22
"d:\Proyectos de Programación\CaelisChaos\Caelis Chaos\enet-1.3.17\docs\html\search\all_3.html", "HTML", 0, 0, 0, 0, 0, 0, 0, 21, 0, 0, 0, 5, 1, 27
"d:\Proyectos de Programación\CaelisChaos\Caelis Chaos\enet-1.3.17\docs\html\search\all_3.js", "JavaScript", 0, 0, 0, 0, 0, 0, 0, 0, 14, 0, 0, 0, 1, 15
"d:\Proyectos de Programación\CaelisChaos\Caelis Chaos\enet-1.3.17\docs\html\search\all_4.html", "HTML", 0, 0, 0, 0, 0, 0, 0, 21, 0, 0, 0, 5, 1, 27
"d:\Proyectos de Programación\CaelisChaos\Caelis Chaos\enet-1.3.17\docs\html\search\all_4.js", "JavaScript", 0, 0, 0, 0, 0, 0, 0, 0, 294, 0, 0, 0, 1, 295
"d:\Proyectos de Programación\CaelisChaos\Caelis Chaos\enet-1.3.17\docs\html\search\all_5.html", "HTML", 0, 0, 0, 0, 0, 0, 0, 21, 0, 0, 0, 5, 1, 27
"d:\Proyectos de Programación\CaelisChaos\Caelis Chaos\enet-1.3.17\docs\html\search\all_5.js", "JavaScript", 0, 0, 0, 0, 0, 0, 0, 0, 15, 0, 0, 0, 1, 16
"d:\Proyectos de Programación\CaelisChaos\Caelis Chaos\enet-1.3.17\docs\html\search\all_6.html", "HTML", 0, 0, 0, 0, 0, 0, 0, 21, 0, 0, 0, 5, 1, 27
"d:\Proyectos de Programación\CaelisChaos\Caelis Chaos\enet-1.3.17\docs\html\search\all_6.js", "JavaScript", 0, 0, 0, 0, 0, 0, 0, 0, 8, 0, 0, 0, 1, 9
"d:\Proyectos de Programación\CaelisChaos\Caelis Chaos\enet-1.3.17\docs\html\search\all_7.html", "HTML", 0, 0, 0, 0, 0, 0, 0, 21, 0, 0, 0, 5, 1, 27
"d:\Proyectos de Programación\CaelisChaos\Caelis Chaos\enet-1.3.17\docs\html\search\all_7.js", "JavaScript", 0, 0, 0, 0, 0, 0, 0, 0, 18, 0, 0, 0, 1, 19
"d:\Proyectos de Programación\CaelisChaos\Caelis Chaos\enet-1.3.17\docs\html\search\all_8.html", "HTML", 0, 0, 0, 0, 0, 0, 0, 21, 0, 0, 0, 5, 1, 27
"d:\Proyectos de Programación\CaelisChaos\Caelis Chaos\enet-1.3.17\docs\html\search\all_8.js", "JavaScript", 0, 0, 0, 0, 0, 0, 0, 0, 12, 0, 0, 0, 1, 13
"d:\Proyectos de Programación\CaelisChaos\Caelis Chaos\enet-1.3.17\docs\html\search\all_9.html", "HTML", 0, 0, 0, 0, 0, 0, 0, 21, 0, 0, 0, 5, 1, 27
"d:\Proyectos de Programación\CaelisChaos\Caelis Chaos\enet-1.3.17\docs\html\search\all_9.js", "JavaScript", 0, 0, 0, 0, 0, 0, 0, 0, 10, 0, 0, 0, 1, 11
"d:\Proyectos de Programación\CaelisChaos\Caelis Chaos\enet-1.3.17\docs\html\search\all_a.html", "HTML", 0, 0, 0, 0, 0, 0, 0, 21, 0, 0, 0, 5, 1, 27
"d:\Proyectos de Programación\CaelisChaos\Caelis Chaos\enet-1.3.17\docs\html\search\all_a.js", "JavaScript", 0, 0, 0, 0, 0, 0, 0, 0, 6, 0, 0, 0, 1, 7
"d:\Proyectos de Programación\CaelisChaos\Caelis Chaos\enet-1.3.17\docs\html\search\all_b.html", "HTML", 0, 0, 0, 0, 0, 0, 0, 21, 0, 0, 0, 5, 1, 27
"d:\Proyectos de Programación\CaelisChaos\Caelis Chaos\enet-1.3.17\docs\html\search\all_b.js", "JavaScript", 0, 0, 0, 0, 0, 0, 0, 0, 13, 0, 0, 0, 1, 14
"d:\Proyectos de Programación\CaelisChaos\Caelis Chaos\enet-1.3.17\docs\html\search\all_c.html", "HTML", 0, 0, 0, 0, 0, 0, 0, 21, 0, 0, 0, 5, 1, 27
"d:\Proyectos de Programación\CaelisChaos\Caelis Chaos\enet-1.3.17\docs\html\search\all_c.js", "JavaScript", 0, 0, 0, 0, 0, 0, 0, 0, 30, 0, 0, 0, 1, 31
"d:\Proyectos de Programación\CaelisChaos\Caelis Chaos\enet-1.3.17\docs\html\search\all_d.html", "HTML", 0, 0, 0, 0, 0, 0, 0, 21, 0, 0, 0, 5, 1, 27
"d:\Proyectos de Programación\CaelisChaos\Caelis Chaos\enet-1.3.17\docs\html\search\all_d.js", "JavaScript", 0, 0, 0, 0, 0, 0, 0, 0, 19, 0, 0, 0, 1, 20
"d:\Proyectos de Programación\CaelisChaos\Caelis Chaos\enet-1.3.17\docs\html\search\all_e.html", "HTML", 0, 0, 0, 0, 0, 0, 0, 21, 0, 0, 0, 5, 1, 27
"d:\Proyectos de Programación\CaelisChaos\Caelis Chaos\enet-1.3.17\docs\html\search\all_e.js", "JavaScript", 0, 0, 0, 0, 0, 0, 0, 0, 17, 0, 0, 0, 1, 18
"d:\Proyectos de Programación\CaelisChaos\Caelis Chaos\enet-1.3.17\docs\html\search\all_f.html", "HTML", 0, 0, 0, 0, 0, 0, 0, 21, 0, 0, 0, 5, 1, 27
"d:\Proyectos de Programación\CaelisChaos\Caelis Chaos\enet-1.3.17\docs\html\search\all_f.js", "JavaScript", 0, 0, 0, 0, 0, 0, 0, 0, 18, 0, 0, 0, 1, 19
"d:\Proyectos de Programación\CaelisChaos\Caelis Chaos\enet-1.3.17\docs\html\search\classes_0.html", "HTML", 0, 0, 0, 0, 0, 0, 0, 21, 0, 0, 0, 5, 1, 27
"d:\Proyectos de Programación\CaelisChaos\Caelis Chaos\enet-1.3.17\docs\html\search\classes_0.js", "JavaScript", 0, 0, 0, 0, 0, 0, 0, 0, 31, 0, 0, 0, 1, 32
"d:\Proyectos de Programación\CaelisChaos\Caelis Chaos\enet-1.3.17\docs\html\search\defines_0.html", "HTML", 0, 0, 0, 0, 0, 0, 0, 21, 0, 0, 0, 5, 1, 27
"d:\Proyectos de Programación\CaelisChaos\Caelis Chaos\enet-1.3.17\docs\html\search\defines_0.js", "JavaScript", 0, 0, 0, 0, 0, 0, 0, 0, 59, 0, 0, 0, 1, 60
"d:\Proyectos de Programación\CaelisChaos\Caelis Chaos\enet-1.3.17\docs\html\search\defines_1.html", "HTML", 0, 0, 0, 0, 0, 0, 0, 21, 0, 0, 0, 5, 1, 27
"d:\Proyectos de Programación\CaelisChaos\Caelis Chaos\enet-1.3.17\docs\html\search\defines_1.js", "JavaScript", 0, 0, 0, 0, 0, 0, 0, 0, 4, 0, 0, 0, 1, 5
"d:\Proyectos de Programación\CaelisChaos\Caelis Chaos\enet-1.3.17\docs\html\search\enums_0.html", "HTML", 0, 0, 0, 0, 0, 0, 0, 21, 0, 0, 0, 5, 1, 27
"d:\Proyectos de Programación\CaelisChaos\Caelis Chaos\enet-1.3.17\docs\html\search\enums_0.js", "JavaScript", 0, 0, 0, 0, 0, 0, 0, 0, 13, 0, 0, 0, 1, 14
"d:\Proyectos de Programación\CaelisChaos\Caelis Chaos\enet-1.3.17\docs\html\search\enumvalues_0.html", "HTML", 0, 0, 0, 0, 0, 0, 0, 21, 0, 0, 0, 5, 1, 27
"d:\Proyectos de Programación\CaelisChaos\Caelis Chaos\enet-1.3.17\docs\html\search\enumvalues_0.js", "JavaScript", 0, 0, 0, 0, 0, 0, 0, 0, 106, 0, 0, 0, 1, 107
"d:\Proyectos de Programación\CaelisChaos\Caelis Chaos\enet-1.3.17\docs\html\search\files_0.html", "HTML", 0, 0, 0, 0, 0, 0, 0, 21, 0, 0, 0, 5, 1, 27
"d:\Proyectos de Programación\CaelisChaos\Caelis Chaos\enet-1.3.17\docs\html\search\files_0.js", "JavaScript", 0, 0, 0, 0, 0, 0, 0, 0, 6, 0, 0, 0, 1, 7
"d:\Proyectos de Programación\CaelisChaos\Caelis Chaos\enet-1.3.17\docs\html\search\files_1.html", "HTML", 0, 0, 0, 0, 0, 0, 0, 21, 0, 0, 0, 5, 1, 27
"d:\Proyectos de Programación\CaelisChaos\Caelis Chaos\enet-1.3.17\docs\html\search\files_1.js", "JavaScript", 0, 0, 0, 0, 0, 0, 0, 0, 4, 0, 0, 0, 1, 5
"d:\Proyectos de Programación\CaelisChaos\Caelis Chaos\enet-1.3.17\docs\html\search\files_2.html", "HTML", 0, 0, 0, 0, 0, 0, 0, 21, 0, 0, 0, 5, 1, 27
"d:\Proyectos de Programación\CaelisChaos\Caelis Chaos\enet-1.3.17\docs\html\search\files_2.js", "JavaScript", 0, 0, 0, 0, 0, 0, 0, 0, 4, 0, 0, 0, 1, 5
"d:\Proyectos de Programación\CaelisChaos\Caelis Chaos\enet-1.3.17\docs\html\search\files_3.html", "HTML", 0, 0, 0, 0, 0, 0, 0, 21, 0, 0, 0, 5, 1, 27
"d:\Proyectos de Programación\CaelisChaos\Caelis Chaos\enet-1.3.17\docs\html\search\files_3.js", "JavaScript", 0, 0, 0, 0, 0, 0, 0, 0, 4, 0, 0, 0, 1, 5
"d:\Proyectos de Programación\CaelisChaos\Caelis Chaos\enet-1.3.17\docs\html\search\files_4.html", "HTML", 0, 0, 0, 0, 0, 0, 0, 21, 0, 0, 0, 5, 1, 27
"d:\Proyectos de Programación\CaelisChaos\Caelis Chaos\enet-1.3.17\docs\html\search\files_4.js", "JavaScript", 0, 0, 0, 0, 0, 0, 0, 0, 4, 0, 0, 0, 1, 5
"d:\Proyectos de Programación\CaelisChaos\Caelis Chaos\enet-1.3.17\docs\html\search\files_5.html", "HTML", 0, 0, 0, 0, 0, 0, 0, 21, 0, 0, 0, 5, 1, 27
"d:\Proyectos de Programación\CaelisChaos\Caelis Chaos\enet-1.3.17\docs\html\search\files_5.js", "JavaScript", 0, 0, 0, 0, 0, 0, 0, 0, 4, 0, 0, 0, 1, 5
"d:\Proyectos de Programación\CaelisChaos\Caelis Chaos\enet-1.3.17\docs\html\search\files_6.html", "HTML", 0, 0, 0, 0, 0, 0, 0, 21, 0, 0, 0, 5, 1, 27
"d:\Proyectos de Programación\CaelisChaos\Caelis Chaos\enet-1.3.17\docs\html\search\files_6.js", "JavaScript", 0, 0, 0, 0, 0, 0, 0, 0, 6, 0, 0, 0, 1, 7
"d:\Proyectos de Programación\CaelisChaos\Caelis Chaos\enet-1.3.17\docs\html\search\files_7.html", "HTML", 0, 0, 0, 0, 0, 0, 0, 21, 0, 0, 0, 5, 1, 27
"d:\Proyectos de Programación\CaelisChaos\Caelis Chaos\enet-1.3.17\docs\html\search\files_7.js", "JavaScript", 0, 0, 0, 0, 0, 0, 0, 0, 4, 0, 0, 0, 1, 5
"d:\Proyectos de Programación\CaelisChaos\Caelis Chaos\enet-1.3.17\docs\html\search\files_8.html", "HTML", 0, 0, 0, 0, 0, 0, 0, 21, 0, 0, 0, 5, 1, 27
"d:\Proyectos de Programación\CaelisChaos\Caelis Chaos\enet-1.3.17\docs\html\search\files_8.js", "JavaScript", 0, 0, 0, 0, 0, 0, 0, 0, 7, 0, 0, 0, 1, 8
"d:\Proyectos de Programación\CaelisChaos\Caelis Chaos\enet-1.3.17\docs\html\search\files_9.html", "HTML", 0, 0, 0, 0, 0, 0, 0, 21, 0, 0, 0, 5, 1, 27
"d:\Proyectos de Programación\CaelisChaos\Caelis Chaos\enet-1.3.17\docs\html\search\files_9.js", "JavaScript", 0, 0, 0, 0, 0, 0, 0, 0, 6, 0, 0, 0, 1, 7
"d:\Proyectos de Programación\CaelisChaos\Caelis Chaos\enet-1.3.17\docs\html\search\files_a.html", "HTML", 0, 0, 0, 0, 0, 0, 0, 21, 0, 0, 0, 5, 1, 27
"d:\Proyectos de Programación\CaelisChaos\Caelis Chaos\enet-1.3.17\docs\html\search\files_a.js", "JavaScript", 0, 0, 0, 0, 0, 0, 0, 0, 6, 0, 0, 0, 1, 7
"d:\Proyectos de Programación\CaelisChaos\Caelis Chaos\enet-1.3.17\docs\html\search\files_b.html", "HTML", 0, 0, 0, 0, 0, 0, 0, 21, 0, 0, 0, 5, 1, 27
"d:\Proyectos de Programación\CaelisChaos\Caelis Chaos\enet-1.3.17\docs\html\search\files_b.js", "JavaScript", 0, 0, 0, 0, 0, 0, 0, 0, 5, 0, 0, 0, 1, 6
"d:\Proyectos de Programación\CaelisChaos\Caelis Chaos\enet-1.3.17\docs\html\search\functions_0.html", "HTML", 0, 0, 0, 0, 0, 0, 0, 21, 0, 0, 0, 5, 1, 27
"d:\Proyectos de Programación\CaelisChaos\Caelis Chaos\enet-1.3.17\docs\html\search\functions_0.js", "JavaScript", 0, 0, 0, 0, 0, 0, 0, 0, 76, 0, 0, 0, 1, 77
"d:\Proyectos de Programación\CaelisChaos\Caelis Chaos\enet-1.3.17\docs\html\search\groups_0.html", "HTML", 0, 0, 0, 0, 0, 0, 0, 21, 0, 0, 0, 5, 1, 27
"d:\Proyectos de Programación\CaelisChaos\Caelis Chaos\enet-1.3.17\docs\html\search\groups_0.js", "JavaScript", 0, 0, 0, 0, 0, 0, 0, 0, 12, 0, 0, 0, 1, 13
"d:\Proyectos de Programación\CaelisChaos\Caelis Chaos\enet-1.3.17\docs\html\search\nomatches.html", "HTML", 0, 0, 0, 0, 0, 0, 0, 12, 0, 0, 0, 0, 1, 13
"d:\Proyectos de Programación\CaelisChaos\Caelis Chaos\enet-1.3.17\docs\html\search\pages_0.html", "HTML", 0, 0, 0, 0, 0, 0, 0, 21, 0, 0, 0, 5, 1, 27
"d:\Proyectos de Programación\CaelisChaos\Caelis Chaos\enet-1.3.17\docs\html\search\pages_0.js", "JavaScript", 0, 0, 0, 0, 0, 0, 0, 0, 4, 0, 0, 0, 1, 5
"d:\Proyectos de Programación\CaelisChaos\Caelis Chaos\enet-1.3.17\docs\html\search\pages_1.html", "HTML", 0, 0, 0, 0, 0, 0, 0, 21, 0, 0, 0, 5, 1, 27
"d:\Proyectos de Programación\CaelisChaos\Caelis Chaos\enet-1.3.17\docs\html\search\pages_1.js", "JavaScript", 0, 0, 0, 0, 0, 0, 0, 0, 4, 0, 0, 0, 1, 5
"d:\Proyectos de Programación\CaelisChaos\Caelis Chaos\enet-1.3.17\docs\html\search\pages_2.html", "HTML", 0, 0, 0, 0, 0, 0, 0, 21, 0, 0, 0, 5, 1, 27
"d:\Proyectos de Programación\CaelisChaos\Caelis Chaos\enet-1.3.17\docs\html\search\pages_2.js", "JavaScript", 0, 0, 0, 0, 0, 0, 0, 0, 5, 0, 0, 0, 1, 6
"d:\Proyectos de Programación\CaelisChaos\Caelis Chaos\enet-1.3.17\docs\html\search\pages_3.html", "HTML", 0, 0, 0, 0, 0, 0, 0, 21, 0, 0, 0, 5, 1, 27
"d:\Proyectos de Programación\CaelisChaos\Caelis Chaos\enet-1.3.17\docs\html\search\pages_3.js", "JavaScript", 0, 0, 0, 0, 0, 0, 0, 0, 5, 0, 0, 0, 1, 6
"d:\Proyectos de Programación\CaelisChaos\Caelis Chaos\enet-1.3.17\docs\html\search\pages_4.html", "HTML", 0, 0, 0, 0, 0, 0, 0, 21, 0, 0, 0, 5, 1, 27
"d:\Proyectos de Programación\CaelisChaos\Caelis Chaos\enet-1.3.17\docs\html\search\pages_4.js", "JavaScript", 0, 0, 0, 0, 0, 0, 0, 0, 4, 0, 0, 0, 1, 5
"d:\Proyectos de Programación\CaelisChaos\Caelis Chaos\enet-1.3.17\docs\html\search\pages_5.html", "HTML", 0, 0, 0, 0, 0, 0, 0, 21, 0, 0, 0, 5, 1, 27
"d:\Proyectos de Programación\CaelisChaos\Caelis Chaos\enet-1.3.17\docs\html\search\pages_5.js", "JavaScript", 0, 0, 0, 0, 0, 0, 0, 0, 4, 0, 0, 0, 1, 5
"d:\Proyectos de Programación\CaelisChaos\Caelis Chaos\enet-1.3.17\docs\html\search\pages_6.html", "HTML", 0, 0, 0, 0, 0, 0, 0, 21, 0, 0, 0, 5, 1, 27
"d:\Proyectos de Programación\CaelisChaos\Caelis Chaos\enet-1.3.17\docs\html\search\pages_6.js", "JavaScript", 0, 0, 0, 0, 0, 0, 0, 0, 4, 0, 0, 0, 1, 5
"d:\Proyectos de Programación\CaelisChaos\Caelis Chaos\enet-1.3.17\docs\html\search\search.css", "CSS", 0, 0, 0, 0, 0, 0, 0, 0, 0, 220, 0, 5, 47, 272
"d:\Proyectos de Programación\CaelisChaos\Caelis Chaos\enet-1.3.17\docs\html\search\search.js", "JavaScript", 0, 0, 0, 0, 0, 0, 0, 0, 688, 0, 0, 36, 68, 792
"d:\Proyectos de Programación\CaelisChaos\Caelis Chaos\enet-1.3.17\docs\html\search\searchdata.js", "JavaScript", 0, 0, 0, 0, 0, 0, 0, 0, 42, 0, 0, 0, 4, 46
"d:\Proyectos de Programación\CaelisChaos\Caelis Chaos\enet-1.3.17\docs\html\search\typedefs_0.html", "HTML", 0, 0, 0, 0, 0, 0, 0, 21, 0, 0, 0, 5, 1, 27
"d:\Proyectos de Programación\CaelisChaos\Caelis Chaos\enet-1.3.17\docs\html\search\typedefs_0.js", "JavaScript", 0, 0, 0, 0, 0, 0, 0, 0, 13, 0, 0, 0, 1, 14
"d:\Proyectos de Programación\CaelisChaos\Caelis Chaos\enet-1.3.17\docs\html\search\typedefs_1.html", "HTML", 0, 0, 0, 0, 0, 0, 0, 21, 0, 0, 0, 5, 1, 27
"d:\Proyectos de Programación\CaelisChaos\Caelis Chaos\enet-1.3.17\docs\html\search\typedefs_1.js", "JavaScript", 0, 0, 0, 0, 0, 0, 0, 0, 4, 0, 0, 0, 1, 5
"d:\Proyectos de Programación\CaelisChaos\Caelis Chaos\enet-1.3.17\docs\html\search\variables_0.html", "HTML", 0, 0, 0, 0, 0, 0, 0, 21, 0, 0, 0, 5, 1, 27
"d:\Proyectos de Programación\CaelisChaos\Caelis Chaos\enet-1.3.17\docs\html\search\variables_0.js", "JavaScript", 0, 0, 0, 0, 0, 0, 0, 0, 7, 0, 0, 0, 1, 8
"d:\Proyectos de Programación\CaelisChaos\Caelis Chaos\enet-1.3.17\docs\html\search\variables_1.html", "HTML", 0, 0, 0, 0, 0, 0, 0, 21, 0, 0, 0, 5, 1, 27
"d:\Proyectos de Programación\CaelisChaos\Caelis Chaos\enet-1.3.17\docs\html\search\variables_1.js", "JavaScript", 0, 0, 0, 0, 0, 0, 0, 0, 8, 0, 0, 0, 1, 9
"d:\Proyectos de Programación\CaelisChaos\Caelis Chaos\enet-1.3.17\docs\html\search\variables_10.html", "HTML", 0, 0, 0, 0, 0, 0, 0, 21, 0, 0, 0, 5, 1, 27
"d:\Proyectos de Programación\CaelisChaos\Caelis Chaos\enet-1.3.17\docs\html\search\variables_10.js", "JavaScript", 0, 0, 0, 0, 0, 0, 0, 0, 8, 0, 0, 0, 1, 9
"d:\Proyectos de Programación\CaelisChaos\Caelis Chaos\enet-1.3.17\docs\html\search\variables_11.html", "HTML", 0, 0, 0, 0, 0, 0, 0, 21, 0, 0, 0, 5, 1, 27
"d:\Proyectos de Programación\CaelisChaos\Caelis Chaos\enet-1.3.17\docs\html\search\variables_11.js", "JavaScript", 0, 0, 0, 0, 0, 0, 0, 0, 4, 0, 0, 0, 1, 5
"d:\Proyectos de Programación\CaelisChaos\Caelis Chaos\enet-1.3.17\docs\html\search\variables_12.html", "HTML", 0, 0, 0, 0, 0, 0, 0, 21, 0, 0, 0, 5, 1, 27
"d:\Proyectos de Programación\CaelisChaos\Caelis Chaos\enet-1.3.17\docs\html\search\variables_12.js", "JavaScript", 0, 0, 0, 0, 0, 0, 0, 0, 4, 0, 0, 0, 1, 5
"d:\Proyectos de Programación\CaelisChaos\Caelis Chaos\enet-1.3.17\docs\html\search\variables_2.html", "HTML", 0, 0, 0, 0, 0, 0, 0, 21, 0, 0, 0, 5, 1, 27
"d:\Proyectos de Programación\CaelisChaos\Caelis Chaos\enet-1.3.17\docs\html\search\variables_2.js", "JavaScript", 0, 0, 0, 0, 0, 0, 0, 0, 18, 0, 0, 0, 1, 19
"d:\Proyectos de Programación\CaelisChaos\Caelis Chaos\enet-1.3.17\docs\html\search\variables_3.html", "HTML", 0, 0, 0, 0, 0, 0, 0, 21, 0, 0, 0, 5, 1, 27
"d:\Proyectos de Programación\CaelisChaos\Caelis Chaos\enet-1.3.17\docs\html\search\variables_3.js", "JavaScript", 0, 0, 0, 0, 0, 0, 0, 0, 12, 0, 0, 0, 1, 13
"d:\Proyectos de Programación\CaelisChaos\Caelis Chaos\enet-1.3.17\docs\html\search\variables_4.html", "HTML", 0, 0, 0, 0, 0, 0, 0, 21, 0, 0, 0, 5, 1, 27
"d:\Proyectos de Programación\CaelisChaos\Caelis Chaos\enet-1.3.17\docs\html\search\variables_4.js", "JavaScript", 0, 0, 0, 0, 0, 0, 0, 0, 5, 0, 0, 0, 1, 6
"d:\Proyectos de Programación\CaelisChaos\Caelis Chaos\enet-1.3.17\docs\html\search\variables_5.html", "HTML", 0, 0, 0, 0, 0, 0, 0, 21, 0, 0, 0, 5, 1, 27
"d:\Proyectos de Programación\CaelisChaos\Caelis Chaos\enet-1.3.17\docs\html\search\variables_5.js", "JavaScript", 0, 0, 0, 0, 0, 0, 0, 0, 12, 0, 0, 0, 1, 13
"d:\Proyectos de Programación\CaelisChaos\Caelis Chaos\enet-1.3.17\docs\html\search\variables_6.html", "HTML", 0, 0, 0, 0, 0, 0, 0, 21, 0, 0, 0, 5, 1, 27
"d:\Proyectos de Programación\CaelisChaos\Caelis Chaos\enet-1.3.17\docs\html\search\variables_6.js", "JavaScript", 0, 0, 0, 0, 0, 0, 0, 0, 7, 0, 0, 0, 1, 8
"d:\Proyectos de Programación\CaelisChaos\Caelis Chaos\enet-1.3.17\docs\html\search\variables_7.html", "HTML", 0, 0, 0, 0, 0, 0, 0, 21, 0, 0, 0, 5, 1, 27
"d:\Proyectos de Programación\CaelisChaos\Caelis Chaos\enet-1.3.17\docs\html\search\variables_7.js", "JavaScript", 0, 0, 0, 0, 0, 0, 0, 0, 15, 0, 0, 0, 1, 16
"d:\Proyectos de Programación\CaelisChaos\Caelis Chaos\enet-1.3.17\docs\html\search\variables_8.html", "HTML", 0, 0, 0, 0, 0, 0, 0, 21, 0, 0, 0, 5, 1, 27
"d:\Proyectos de Programación\CaelisChaos\Caelis Chaos\enet-1.3.17\docs\html\search\variables_8.js", "JavaScript", 0, 0, 0, 0, 0, 0, 0, 0, 8, 0, 0, 0, 1, 9
"d:\Proyectos de Programación\CaelisChaos\Caelis Chaos\enet-1.3.17\docs\html\search\variables_9.html", "HTML", 0, 0, 0, 0, 0, 0, 0, 21, 0, 0, 0, 5, 1, 27
"d:\Proyectos de Programación\CaelisChaos\Caelis Chaos\enet-1.3.17\docs\html\search\variables_9.js", "JavaScript", 0, 0, 0, 0, 0, 0, 0, 0, 7, 0, 0, 0, 1, 8
"d:\Proyectos de Programación\CaelisChaos\Caelis Chaos\enet-1.3.17\docs\html\search\variables_a.html", "HTML", 0, 0, 0, 0, 0, 0, 0, 21, 0, 0, 0, 5, 1, 27
"d:\Proyectos de Programación\CaelisChaos\Caelis Chaos\enet-1.3.17\docs\html\search\variables_a.js", "JavaScript", 0, 0, 0, 0, 0, 0, 0, 0, 6, 0, 0, 0, 1, 7
"d:\Proyectos de Programación\CaelisChaos\Caelis Chaos\enet-1.3.17\docs\html\search\variables_b.html", "HTML", 0, 0, 0, 0, 0, 0, 0, 21, 0, 0, 0, 5, 1, 27
"d:\Proyectos de Programación\CaelisChaos\Caelis Chaos\enet-1.3.17\docs\html\search\variables_b.js", "JavaScript", 0, 0, 0, 0, 0, 0, 0, 0, 13, 0, 0, 0, 1, 14
"d:\Proyectos de Programación\CaelisChaos\Caelis Chaos\enet-1.3.17\docs\html\search\variables_c.html", "HTML", 0, 0, 0, 0, 0, 0, 0, 21, 0, 0, 0, 5, 1, 27
"d:\Proyectos de Programación\CaelisChaos\Caelis Chaos\enet-1.3.17\docs\html\search\variables_c.js", "JavaScript", 0, 0, 0, 0, 0, 0, 0, 0, 26, 0, 0, 0, 1, 27
"d:\Proyectos de Programación\CaelisChaos\Caelis Chaos\enet-1.3.17\docs\html\search\variables_d.html", "HTML", 0, 0, 0, 0, 0, 0, 0, 21, 0, 0, 0, 5, 1, 27
"d:\Proyectos de Programación\CaelisChaos\Caelis Chaos\enet-1.3.17\docs\html\search\variables_d.js", "JavaScript", 0, 0, 0, 0, 0, 0, 0, 0, 19, 0, 0, 0, 1, 20
"d:\Proyectos de Programación\CaelisChaos\Caelis Chaos\enet-1.3.17\docs\html\search\variables_e.html", "HTML", 0, 0, 0, 0, 0, 0, 0, 21, 0, 0, 0, 5, 1, 27
"d:\Proyectos de Programación\CaelisChaos\Caelis Chaos\enet-1.3.17\docs\html\search\variables_e.js", "JavaScript", 0, 0, 0, 0, 0, 0, 0, 0, 16, 0, 0, 0, 1, 17
"d:\Proyectos de Programación\CaelisChaos\Caelis Chaos\enet-1.3.17\docs\html\search\variables_f.html", "HTML", 0, 0, 0, 0, 0, 0, 0, 21, 0, 0, 0, 5, 1, 27
"d:\Proyectos de Programación\CaelisChaos\Caelis Chaos\enet-1.3.17\docs\html\search\variables_f.js", "JavaScript", 0, 0, 0, 0, 0, 0, 0, 0, 14, 0, 0, 0, 1, 15
"d:\Proyectos de Programación\CaelisChaos\Caelis Chaos\enet-1.3.17\docs\html\structENetAcknowledgement.html", "HTML", 0, 0, 0, 0, 0, 0, 0, 121, 0, 0, 0, 5, 10, 136
"d:\Proyectos de Programación\CaelisChaos\Caelis Chaos\enet-1.3.17\docs\html\structENetAddress.html", "HTML", 0, 0, 0, 0, 0, 0, 0, 112, 0, 0, 0, 5, 9, 126
"d:\Proyectos de Programación\CaelisChaos\Caelis Chaos\enet-1.3.17\docs\html\structENetBuffer.html", "HTML", 0, 0, 0, 0, 0, 0, 0, 108, 0, 0, 0, 5, 8, 121
"d:\Proyectos de Programación\CaelisChaos\Caelis Chaos\enet-1.3.17\docs\html\structENetCallbacks.html", "HTML", 0, 0, 0, 0, 0, 0, 0, 121, 0, 0, 0, 5, 10, 136
"d:\Proyectos de Programación\CaelisChaos\Caelis Chaos\enet-1.3.17\docs\html\structENetChannel.html", "HTML", 0, 0, 0, 0, 0, 0, 0, 191, 0, 0, 0, 5, 20, 216
"d:\Proyectos de Programación\CaelisChaos\Caelis Chaos\enet-1.3.17\docs\html\structENetCompressor.html", "HTML", 0, 0, 0, 0, 0, 0, 0, 151, 0, 0, 0, 5, 17, 173
"d:\Proyectos de Programación\CaelisChaos\Caelis Chaos\enet-1.3.17\docs\html\structENetEvent.html", "HTML", 0, 0, 0, 0, 0, 0, 0, 164, 0, 0, 0, 5, 20, 189
"d:\Proyectos de Programación\CaelisChaos\Caelis Chaos\enet-1.3.17\docs\html\structENetHost.html", "HTML", 0, 0, 0, 0, 0, 0, 0, 639, 0, 0, 0, 5, 92, 736
"d:\Proyectos de Programación\CaelisChaos\Caelis Chaos\enet-1.3.17\docs\html\structENetIncomingCommand.html", "HTML", 0, 0, 0, 0, 0, 0, 0, 191, 0, 0, 0, 5, 20, 216
"d:\Proyectos de Programación\CaelisChaos\Caelis Chaos\enet-1.3.17\docs\html\structENetList.html", "HTML", 0, 0, 0, 0, 0, 0, 0, 93, 0, 0, 0, 5, 6, 104
"d:\Proyectos de Programación\CaelisChaos\Caelis Chaos\enet-1.3.17\docs\html\structENetListNode.html", "HTML", 0, 0, 0, 0, 0, 0, 0, 107, 0, 0, 0, 5, 8, 120
"d:\Proyectos de Programación\CaelisChaos\Caelis Chaos\enet-1.3.17\docs\html\structENetOutgoingCommand.html", "HTML", 0, 0, 0, 0, 0, 0, 0, 233, 0, 0, 0, 5, 26, 264
"d:\Proyectos de Programación\CaelisChaos\Caelis Chaos\enet-1.3.17\docs\html\structENetPacket.html", "HTML", 0, 0, 0, 0, 0, 0, 0, 185, 0, 0, 0, 5, 23, 213
"d:\Proyectos de Programación\CaelisChaos\Caelis Chaos\enet-1.3.17\docs\html\structENetPeer.html", "HTML", 0, 0, 0, 0, 0, 0, 0, 938, 0, 0, 0, 5, 132, 1075
"d:\Proyectos de Programación\CaelisChaos\Caelis Chaos\enet-1.3.17\docs\html\structENetProtocolAcknowledge.html", "HTML", 0, 0, 0, 0, 0, 0, 0, 121, 0, 0, 0, 5, 10, 136
"d:\Proyectos de Programación\CaelisChaos\Caelis Chaos\enet-1.3.17\docs\html\structENetProtocolBandwidthLimit.html", "HTML", 0, 0, 0, 0, 0, 0, 0, 121, 0, 0, 0, 5, 10, 136
"d:\Proyectos de Programación\CaelisChaos\Caelis Chaos\enet-1.3.17\docs\html\structENetProtocolCommandHeader.html", "HTML", 0, 0, 0, 0, 0, 0, 0, 121, 0, 0, 0, 5, 10, 136
"d:\Proyectos de Programación\CaelisChaos\Caelis Chaos\enet-1.3.17\docs\html\structENetProtocolConnect.html", "HTML", 0, 0, 0, 0, 0, 0, 0, 275, 0, 0, 0, 5, 32, 312
"d:\Proyectos de Programación\CaelisChaos\Caelis Chaos\enet-1.3.17\docs\html\structENetProtocolDisconnect.html", "HTML", 0, 0, 0, 0, 0, 0, 0, 107, 0, 0, 0, 5, 8, 120
"d:\Proyectos de Programación\CaelisChaos\Caelis Chaos\enet-1.3.17\docs\html\structENetProtocolHeader.html", "HTML", 0, 0, 0, 0, 0, 0, 0, 107, 0, 0, 0, 5, 8, 120
"d:\Proyectos de Programación\CaelisChaos\Caelis Chaos\enet-1.3.17\docs\html\structENetProtocolPing.html", "HTML", 0, 0, 0, 0, 0, 0, 0, 93, 0, 0, 0, 5, 6, 104
"d:\Proyectos de Programación\CaelisChaos\Caelis Chaos\enet-1.3.17\docs\html\structENetProtocolSendFragment.html", "HTML", 0, 0, 0, 0, 0, 0, 0, 177, 0, 0, 0, 5, 18, 200
"d:\Proyectos de Programación\CaelisChaos\Caelis Chaos\enet-1.3.17\docs\html\structENetProtocolSendReliable.html", "HTML", 0, 0, 0, 0, 0, 0, 0, 107, 0, 0, 0, 5, 8, 120
"d:\Proyectos de Programación\CaelisChaos\Caelis Chaos\enet-1.3.17\docs\html\structENetProtocolSendUnreliable.html", "HTML", 0, 0, 0, 0, 0, 0, 0, 121, 0, 0, 0, 5, 10, 136
"d:\Proyectos de Programación\CaelisChaos\Caelis Chaos\enet-1.3.17\docs\html\structENetProtocolSendUnsequenced.html", "HTML", 0, 0, 0, 0, 0, 0, 0, 121, 0, 0, 0, 5, 10, 136
"d:\Proyectos de Programación\CaelisChaos\Caelis Chaos\enet-1.3.17\docs\html\structENetProtocolThrottleConfigure.html", "HTML", 0, 0, 0, 0, 0, 0, 0, 135, 0, 0, 0, 5, 12, 152
"d:\Proyectos de Programación\CaelisChaos\Caelis Chaos\enet-1.3.17\docs\html\structENetProtocolVerifyConnect.html", "HTML", 0, 0, 0, 0, 0, 0, 0, 261, 0, 0, 0, 5, 30, 296
"d:\Proyectos de Programación\CaelisChaos\Caelis Chaos\enet-1.3.17\docs\html\tabs.css", "CSS", 0, 0, 0, 0, 0, 0, 0, 0, 0, 1, 0, 0, 1, 2
"d:\Proyectos de Programación\CaelisChaos\Caelis Chaos\enet-1.3.17\docs\html\time_8h.html", "HTML", 0, 0, 0, 0, 0, 0, 0, 237, 0, 0, 0, 5, 16, 258
"d:\Proyectos de Programación\CaelisChaos\Caelis Chaos\enet-1.3.17\docs\html\tutorial_8dox.html", "HTML", 0, 0, 0, 0, 0, 0, 0, 68, 0, 0, 0, 5, 3, 76
"d:\Proyectos de Programación\CaelisChaos\Caelis Chaos\enet-1.3.17\docs\html\types_8h.html", "HTML", 0, 0, 0, 0, 0, 0, 0, 131, 0, 0, 0, 5, 13, 149
"d:\Proyectos de Programación\CaelisChaos\Caelis Chaos\enet-1.3.17\docs\html\unionENetProtocol.html", "HTML", 0, 0, 0, 0, 0, 0, 0, 247, 0, 0, 0, 5, 28, 280
"d:\Proyectos de Programación\CaelisChaos\Caelis Chaos\enet-1.3.17\docs\html\unix_8c.html", "HTML", 0, 0, 0, 0, 0, 0, 0, 247, 0, 0, 0, 5, 18, 270
"d:\Proyectos de Programación\CaelisChaos\Caelis Chaos\enet-1.3.17\docs\html\unix_8h.html", "HTML", 0, 0, 0, 0, 0, 0, 0, 353, 0, 0, 0, 5, 34, 392
"d:\Proyectos de Programación\CaelisChaos\Caelis Chaos\enet-1.3.17\docs\html\usergroup0.html", "HTML", 0, 0, 0, 0, 0, 0, 0, 74, 0, 0, 0, 5, 3, 82
"d:\Proyectos de Programación\CaelisChaos\Caelis Chaos\enet-1.3.17\docs\html\utility_8h.html", "HTML", 0, 0, 0, 0, 0, 0, 0, 167, 0, 0, 0, 5, 10, 182
"d:\Proyectos de Programación\CaelisChaos\Caelis Chaos\enet-1.3.17\docs\html\win32_8c.html", "HTML", 0, 0, 0, 0, 0, 0, 0, 72, 0, 0, 0, 5, 4, 81
"d:\Proyectos de Programación\CaelisChaos\Caelis Chaos\enet-1.3.17\docs\html\win32_8h.html", "HTML", 0, 0, 0, 0, 0, 0, 0, 340, 0, 0, 0, 5, 30, 375
"d:\Proyectos de Programación\CaelisChaos\Caelis Chaos\enet-1.3.17\host.c", "C", 0, 350, 0, 0, 0, 0, 0, 0, 0, 0, 0, 55, 87, 492
"d:\Proyectos de Programación\CaelisChaos\Caelis Chaos\enet-1.3.17\include\enet\callbacks.h", "C++", 12, 0, 0, 0, 0, 0, 0, 0, 0, 0, 0, 9, 7, 28
"d:\Proyectos de Programación\CaelisChaos\Caelis Chaos\enet-1.3.17\include\enet\enet.h", "C++", 371, 0, 0, 0, 0, 0, 0, 0, 0, 0, 0, 181, 61, 613
"d:\Proyectos de Programación\CaelisChaos\Caelis Chaos\enet-1.3.17\include\enet\list.h", "C++", 26, 0, 0, 0, 0, 0, 0, 0, 0, 0, 0, 4, 14, 44
"d:\Proyectos de Programación\CaelisChaos\Caelis Chaos\enet-1.3.17\include\enet\protocol.h", "C++", 169, 0, 0, 0, 0, 0, 0, 0, 0, 0, 0, 4, 26, 199
"d:\Proyectos de Programación\CaelisChaos\Caelis Chaos\enet-1.3.17\include\enet\time.h", "C++", 9, 0, 0, 0, 0, 0, 0, 0, 0, 0, 0, 4, 6, 19
"d:\Proyectos de Programación\CaelisChaos\Caelis Chaos\enet-1.3.17\include\enet\types.h", "C++", 6, 0, 0, 0, 0, 0, 0, 0, 0, 0, 0, 4, 4, 14
"d:\Proyectos de Programación\CaelisChaos\Caelis Chaos\enet-1.3.17\include\enet\unix.h", "C++", 31, 0, 0, 0, 0, 0, 0, 0, 0, 0, 0, 4, 14, 49
"d:\Proyectos de Programación\CaelisChaos\Caelis Chaos\enet-1.3.17\include\enet\utility.h", "C++", 6, 0, 0, 0, 0, 0, 0, 0, 0, 0, 0, 4, 4, 14
"d:\Proyectos de Programación\CaelisChaos\Caelis Chaos\enet-1.3.17\include\enet\win32.h", "C++", 39, 0, 0, 0, 0, 0, 0, 0, 0, 0, 0, 4, 15, 58
"d:\Proyectos de Programación\CaelisChaos\Caelis Chaos\enet-1.3.17\list.c", "C", 0, 49, 0, 0, 0, 0, 0, 0, 0, 0, 0, 10, 17, 76
"d:\Proyectos de Programación\CaelisChaos\Caelis Chaos\enet-1.3.17\ltmain.sh", "Shell Script", 0, 0, 0, 0, 0, 0, 7911, 0, 0, 0, 0, 2034, 1305, 11250
"d:\Proyectos de Programación\CaelisChaos\Caelis Chaos\enet-1.3.17\packet.c", "C", 0, 111, 0, 0, 0, 0, 0, 0, 0, 0, 0, 23, 32, 166
"d:\Proyectos de Programación\CaelisChaos\Caelis Chaos\enet-1.3.17\peer.c", "C", 0, 706, 0, 0, 0, 0, 0, 0, 0, 0, 0, 105, 193, 1004
"d:\Proyectos de Programación\CaelisChaos\Caelis Chaos\enet-1.3.17\premake4.lua", "Lua", 0, 0, 0, 36, 0, 0, 0, 0, 0, 0, 0, 0, 23, 59
"d:\Proyectos de Programación\CaelisChaos\Caelis Chaos\enet-1.3.17\protocol.c", "C", 0, 1444, 0, 0, 0, 0, 0, 0, 0, 0, 0, 32, 402, 1878
"d:\Proyectos de Programación\CaelisChaos\Caelis Chaos\enet-1.3.17\unix.c", "C", 0, 485, 0, 0, 0, 0, 0, 0, 0, 0, 0, 4, 127, 616
"d:\Proyectos de Programación\CaelisChaos\Caelis Chaos\enet-1.3.17\win32.c", "C", 0, 349, 0, 0, 0, 0, 0, 0, 0, 0, 0, 4, 90, 443
"d:\Proyectos de Programación\CaelisChaos\Caelis Chaos\glad.c", "C", 0, 1069, 0, 0, 0, 0, 0, 0, 0, 0, 0, 25, 47, 1141
"d:\Proyectos de Programación\CaelisChaos\Caelis Chaos\include\GLFW\glfw3.h", "C++", 597, 0, 0, 0, 0, 0, 0, 0, 0, 0, 0, 5068, 248, 5913
"d:\Proyectos de Programación\CaelisChaos\Caelis Chaos\include\GLFW\glfw3native.h", "C++", 93, 0, 0, 0, 0, 0, 0, 0, 0, 0, 0, 495, 41, 629
"d:\Proyectos de Programación\CaelisChaos\Caelis Chaos\include\KHR\khrplatform.h", "C++", 117, 0, 0, 0, 0, 0, 0, 0, 0, 0, 0, 165, 30, 312
"d:\Proyectos de Programación\CaelisChaos\Caelis Chaos\include\glad\glad.h", "C++", 2093, 0, 0, 0, 0, 0, 0, 0, 0, 0, 0, 20, 17, 2130
"d:\Proyectos de Programación\CaelisChaos\Caelis Chaos\vendor\SDL2\cmake\sdl2-config-version.cmake", "CMake", 0, 0, 0, 0, 48, 0, 0, 0, 0, 0, 0, 0, 7, 55
"d:\Proyectos de Programación\CaelisChaos\Caelis Chaos\vendor\SDL2\cmake\sdl2-config.cmake", "CMake", 0, 0, 0, 0, 102, 0, 0, 0, 0, 0, 0, 0, 16, 118
"d:\Proyectos de Programación\CaelisChaos\Caelis Chaos\vendor\SDL2\docs\CONTRIBUTING.md", "Markdown", 0, 0, 0, 0, 0, 0, 0, 0, 0, 0, 62, 0, 36, 98
"d:\Proyectos de Programación\CaelisChaos\Caelis Chaos\vendor\SDL2\docs\README-android.md", "Markdown", 0, 0, 0, 0, 0, 0, 0, 0, 0, 0, 319, 0, 165, 484
"d:\Proyectos de Programación\CaelisChaos\Caelis Chaos\vendor\SDL2\docs\README-cmake.md", "Markdown", 0, 0, 0, 0, 0, 0, 0, 0, 0, 0, 114, 0, 50, 164
"d:\Proyectos de Programación\CaelisChaos\Caelis Chaos\vendor\SDL2\docs\README-directfb.md", "Markdown", 0, 0, 0, 0, 0, 0, 0, 0, 0, 0, 89, 0, 35, 124
"d:\Proyectos de Programación\CaelisChaos\Caelis Chaos\vendor\SDL2\docs\README-dynapi.md", "Markdown", 0, 0, 0, 0, 0, 0, 0, 0, 0, 0, 116, 0, 23, 139
"d:\Proyectos de Programación\CaelisChaos\Caelis Chaos\vendor\SDL2\docs\README-emscripten.md", "Markdown", 0, 0, 0, 0, 0, 0, 0, 0, 0, 0, 275, 0, 100, 375
"d:\Proyectos de Programación\CaelisChaos\Caelis Chaos\vendor\SDL2\docs\README-gdk.md", "Markdown", 0, 0, 0, 0, 0, 0, 0, 0, 0, 0, 115, 0, 62, 177
"d:\Proyectos de Programación\CaelisChaos\Caelis Chaos\vendor\SDL2\docs\README-gesture.md", "Markdown", 0, 0, 0, 0, 0, 0, 0, 0, 0, 0, 47, 0, 25, 72
"d:\Proyectos de Programación\CaelisChaos\Caelis Chaos\vendor\SDL2\docs\README-git.md", "Markdown", 0, 0, 0, 0, 0, 0, 0, 0, 0, 0, 14, 0, 6, 20
"d:\Proyectos de Programación\CaelisChaos\Caelis Chaos\vendor\SDL2\docs\README-hg.md", "Markdown", 0, 0, 0, 0, 0, 0, 0, 0, 0, 0, 2, 0, 3, 5
"d:\Proyectos de Programación\CaelisChaos\Caelis Chaos\vendor\SDL2\docs\README-ios.md", "Markdown", 0, 0, 0, 0, 0, 0, 0, 0, 0, 0, 216, 0, 92, 308
"d:\Proyectos de Programación\CaelisChaos\Caelis Chaos\vendor\SDL2\docs\README-kmsbsd.md", "Markdown", 0, 0, 0, 0, 0, 0, 0, 0, 0, 0, 18, 0, 10, 28
"d:\Proyectos de Programación\CaelisChaos\Caelis Chaos\vendor\SDL2\docs\README-linux.md", "Markdown", 0, 0, 0, 0, 0, 0, 0, 0, 0, 0, 67, 0, 30, 97
"d:\Proyectos de Programación\CaelisChaos\Caelis Chaos\vendor\SDL2\docs\README-macos.md", "Markdown", 0, 0, 0, 0, 0, 0, 0, 0, 0, 0, 210, 0, 76, 286
"d:\Proyectos de Programación\CaelisChaos\Caelis Chaos\vendor\SDL2\docs\README-n3ds.md", "Markdown", 0, 0, 0, 0, 0, 0, 0, 0, 0, 0, 19, 0, 10, 29
"d:\Proyectos de Programación\CaelisChaos\Caelis Chaos\vendor\SDL2\docs\README-nacl.md", "Markdown", 0, 0, 0, 0, 0, 0, 0, 0, 0, 0, 71, 0, 33, 104
"d:\Proyectos de Programación\CaelisChaos\Caelis Chaos\vendor\SDL2\docs\README-ngage.md", "Markdown", 0, 0, 0, 0, 0, 0, 0, 0, 0, 0, 32, 0, 13, 45
"d:\Proyectos de Programación\CaelisChaos\Caelis Chaos\vendor\SDL2\docs\README-os2.md", "Markdown", 0, 0, 0, 0, 0, 0, 0, 0, 0, 0, 62, 0, 31, 93
"d:\Proyectos de Programación\CaelisChaos\Caelis Chaos\vendor\SDL2\docs\README-pandora.md", "Markdown", 0, 0, 0, 0, 0, 0, 0, 0, 0, 0, 13, 0, 5, 18
"d:\Proyectos de Programación\CaelisChaos\Caelis Chaos\vendor\SDL2\docs\README-platforms.md", "Markdown", 0, 0, 0, 0, 0, 0, 0, 0, 0, 0, 5, 0, 4, 9
"d:\Proyectos de Programación\CaelisChaos\Caelis Chaos\vendor\SDL2\docs\README-porting.md", "Markdown", 0, 0, 0, 0, 0, 0, 0, 0, 0, 0, 52, 0, 17, 69
"d:\Proyectos de Programación\CaelisChaos\Caelis Chaos\vendor\SDL2\docs\README-ps2.md", "Markdown", 0, 0, 0, 0, 0, 0, 0, 0, 0, 0, 39, 0, 13, 52
"d:\Proyectos de Programación\CaelisChaos\Caelis Chaos\vendor\SDL2\docs\README-psp.md", "Markdown", 0, 0, 0, 0, 0, 0, 0, 0, 0, 0, 26, 0, 11, 37
"d:\Proyectos de Programación\CaelisChaos\Caelis Chaos\vendor\SDL2\docs\README-raspberrypi.md", "Markdown", 0, 0, 0, 0, 0, 0, 0, 0, 0, 0, 122, 0, 59, 181
"d:\Proyectos de Programación\CaelisChaos\Caelis Chaos\vendor\SDL2\docs\README-riscos.md", "Markdown", 0, 0, 0, 0, 0, 0, 0, 0, 0, 0, 25, 0, 17, 42
"d:\Proyectos de Programación\CaelisChaos\Caelis Chaos\vendor\SDL2\docs\README-touch.md", "Markdown", 0, 0, 0, 0, 0, 0, 0, 0, 0, 0, 64, 0, 23, 87
"d:\Proyectos de Programación\CaelisChaos\Caelis Chaos\vendor\SDL2\docs\README-versions.md", "Markdown", 0, 0, 0, 0, 0, 0, 0, 0, 0, 0, 45, 0, 16, 61
"d:\Proyectos de Programación\CaelisChaos\Caelis Chaos\vendor\SDL2\docs\README-visualc.md", "Markdown", 0, 0, 0, 0, 0, 0, 0, 0, 0, 0, 75, 0, 40, 115
"d:\Proyectos de Programación\CaelisChaos\Caelis Chaos\vendor\SDL2\docs\README-vita.md", "Markdown", 0, 0, 0, 0, 0, 0, 0, 0, 0, 0, 29, 0, 5, 34
"d:\Proyectos de Programación\CaelisChaos\Caelis Chaos\vendor\SDL2\docs\README-wince.md", "Markdown", 0, 0, 0, 0, 0, 0, 0, 0, 0, 0, 6, 0, 5, 11
"d:\Proyectos de Programación\CaelisChaos\Caelis Chaos\vendor\SDL2\docs\README-windows.md", "Markdown", 0, 0, 0, 0, 0, 0, 0, 0, 0, 0, 42, 0, 17, 59
"d:\Proyectos de Programación\CaelisChaos\Caelis Chaos\vendor\SDL2\docs\README-winrt.md", "Markdown", 0, 0, 0, 0, 0, 0, 0, 0, 0, 0, 404, 0, 116, 520
"d:\Proyectos de Programación\CaelisChaos\Caelis Chaos\vendor\SDL2\docs\README.md", "Markdown", 0, 0, 0, 0, 0, 0, 0, 0, 0, 0, 50, 0, 14, 64
"d:\Proyectos de Programación\CaelisChaos\Caelis Chaos\vendor\SDL2\docs\release_checklist.md", "Markdown", 0, 0, 0, 0, 0, 0, 0, 0, 0, 0, 26, 0, 24, 50
"d:\Proyectos de Programación\CaelisChaos\Caelis Chaos\vendor\SDL2\include\SDL.h", "C++", 63, 0, 0, 0, 0, 0, 0, 0, 0, 0, 0, 155, 16, 234
"d:\Proyectos de Programación\CaelisChaos\Caelis Chaos\vendor\SDL2\include\SDL_assert.h", "C++", 130, 0, 0, 0, 0, 0, 0, 0, 0, 0, 0, 163, 30, 323
"d:\Proyectos de Programación\CaelisChaos\Caelis Chaos\vendor\SDL2\include\SDL_atomic.h", "C++", 106, 0, 0, 0, 0, 0, 0, 0, 0, 0, 0, 276, 33, 415
"d:\Proyectos de Programación\CaelisChaos\Caelis Chaos\vendor\SDL2\include\SDL_audio.h", "C++", 181, 0, 0, 0, 0, 0, 0, 0, 0, 0, 0, 1242, 78, 1501
"d:\Proyectos de Programación\CaelisChaos\Caelis Chaos\vendor\SDL2\include\SDL_bits.h", "C++", 66, 0, 0, 0, 0, 0, 0, 0, 0, 0, 0, 45, 16, 127
"d:\Proyectos de Programación\CaelisChaos\Caelis Chaos\vendor\SDL2\include\SDL_blendmode.h", "C++", 47, 0, 0, 0, 0, 0, 0, 0, 0, 0, 0, 139, 13, 199
"d:\Proyectos de Programación\CaelisChaos\Caelis Chaos\vendor\SDL2\include\SDL_clipboard.h", "C++", 18, 0, 0, 0, 0, 0, 0, 0, 0, 0, 0, 108, 16, 142
"d:\Proyectos de Programación\CaelisChaos\Caelis Chaos\vendor\SDL2\include\SDL_config.h", "C++", 252, 0, 0, 0, 0, 0, 0, 0, 0, 0, 0, 52, 28, 332
"d:\Proyectos de Programación\CaelisChaos\Caelis Chaos\vendor\SDL2\include\SDL_cpuinfo.h", "C++", 119, 0, 0, 0, 0, 0, 0, 0, 0, 0, 0, 439, 37, 595
"d:\Proyectos de Programación\CaelisChaos\Caelis Chaos\vendor\SDL2\include\SDL_egl.h", "C++", 1810, 0, 0, 0, 0, 0, 0, 0, 0, 0, 0, 277, 266, 2353
"d:\Proyectos de Programación\CaelisChaos\Caelis Chaos\vendor\SDL2\include\SDL_endian.h", "C++", 270, 0, 0, 0, 0, 0, 0, 0, 0, 0, 0, 52, 27, 349
"d:\Proyectos de Programación\CaelisChaos\Caelis Chaos\vendor\SDL2\include\SDL_error.h", "C++", 30, 0, 0, 0, 0, 0, 0, 0, 0, 0, 0, 119, 15, 164
"d:\Proyectos de Programación\CaelisChaos\Caelis Chaos\vendor\SDL2\include\SDL_events.h", "C++", 453, 0, 0, 0, 0, 0, 0, 0, 0, 0, 0, 613, 94, 1160
"d:\Proyectos de Programación\CaelisChaos\Caelis Chaos\vendor\SDL2\include\SDL_filesystem.h", "C++", 14, 0, 0, 0, 0, 0, 0, 0, 0, 0, 0, 125, 11, 150
"d:\Proyectos de Programación\CaelisChaos\Caelis Chaos\vendor\SDL2\include\SDL_gamecontroller.h", "C++", 160, 0, 0, 0, 0, 0, 0, 0, 0, 0, 0, 857, 80, 1097
"d:\Proyectos de Programación\CaelisChaos\Caelis Chaos\vendor\SDL2\include\SDL_gesture.h", "C++", 20, 0, 0, 0, 0, 0, 0, 0, 0, 0, 0, 80, 18, 118
"d:\Proyectos de Programación\CaelisChaos\Caelis Chaos\vendor\SDL2\include\SDL_guid.h", "C++", 18, 0, 0, 0, 0, 0, 0, 0, 0, 0, 0, 71, 12, 101
"d:\Proyectos de Programación\CaelisChaos\Caelis Chaos\vendor\SDL2\include\SDL_haptic.h", "C++", 182, 0, 0, 0, 0, 0, 0, 0, 0, 0, 0, 1054, 106, 1342
"d:\Proyectos de Programación\CaelisChaos\Caelis Chaos\vendor\SDL2\include\SDL_hidapi.h", "C++", 50, 0, 0, 0, 0, 0, 0, 0, 0, 0, 0, 370, 32, 452
"d:\Proyectos de Programación\CaelisChaos\Caelis Chaos\vendor\SDL2\include\SDL_hints.h", "C++", 231, 0, 0, 0, 0, 0, 0, 0, 0, 0, 0, 2431, 219, 2881
"d:\Proyectos de Programación\CaelisChaos\Caelis Chaos\vendor\SDL2\include\SDL_joystick.h", "C++", 145, 0, 0, 0, 0, 0, 0, 0, 0, 0, 0, 843, 82, 1070
"d:\Proyectos de Programación\CaelisChaos\Caelis Chaos\vendor\SDL2\include\SDL_keyboard.h", "C++", 41, 0, 0, 0, 0, 0, 0, 0, 0, 0, 0, 286, 29, 356
"d:\Proyectos de Programación\CaelisChaos\Caelis Chaos\vendor\SDL2\include\SDL_keycode.h", "C++", 288, 0, 0, 0, 0, 0, 0, 0, 0, 0, 0, 43, 28, 359
"d:\Proyectos de Programación\CaelisChaos\Caelis Chaos\vendor\SDL2\include\SDL_loadso.h", "C++", 17, 0, 0, 0, 0, 0, 0, 0, 0, 0, 0, 88, 11, 116
"d:\Proyectos de Programación\CaelisChaos\Caelis Chaos\vendor\SDL2\include\SDL_locale.h", "C++", 19, 0, 0, 0, 0, 0, 0, 0, 0, 0, 0, 74, 11, 104
"d:\Proyectos de Programación\CaelisChaos\Caelis Chaos\vendor\SDL2\include\SDL_log.h", "C++", 67, 0, 0, 0, 0, 0, 0, 0, 0, 0, 0, 306, 32, 405
"d:\Proyectos de Programación\CaelisChaos\Caelis Chaos\vendor\SDL2\include\SDL_main.h", "C++", 60, 0, 0, 0, 0, 0, 0, 0, 0, 0, 0, 182, 41, 283
"d:\Proyectos de Programación\CaelisChaos\Caelis Chaos\vendor\SDL2\include\SDL_messagebox.h", "C++", 61, 0, 0, 0, 0, 0, 0, 0, 0, 0, 0, 114, 19, 194
"d:\Proyectos de Programación\CaelisChaos\Caelis Chaos\vendor\SDL2\include\SDL_metal.h", "C++", 19, 0, 0, 0, 0, 0, 0, 0, 0, 0, 0, 81, 14, 114
"d:\Proyectos de Programación\CaelisChaos\Caelis Chaos\vendor\SDL2\include\SDL_misc.h", "C++", 13, 0, 0, 0, 0, 0, 0, 0, 0, 0, 0, 57, 10, 80
"d:\Proyectos de Programación\CaelisChaos\Caelis Chaos\vendor\SDL2\include\SDL_mouse.h", "C++", 70, 0, 0, 0, 0, 0, 0, 0, 0, 0, 0, 365, 30, 465
"d:\Proyectos de Programación\CaelisChaos\Caelis Chaos\vendor\SDL2\include\SDL_mutex.h", "C++", 91, 0, 0, 0, 0, 0, 0, 0, 0, 0, 0, 391, 64, 546
"d:\Proyectos de Programación\CaelisChaos\Caelis Chaos\vendor\SDL2\include\SDL_name.h", "C++", 7, 0, 0, 0, 0, 0, 0, 0, 0, 0, 0, 21, 6, 34
"d:\Proyectos de Programación\CaelisChaos\Caelis Chaos\vendor\SDL2\include\SDL_opengl.h", "C++", 1526, 0, 0, 0, 0, 0, 0, 0, 0, 0, 0, 186, 421, 2133
"d:\Proyectos de Programación\CaelisChaos\Caelis Chaos\vendor\SDL2\include\SDL_opengl_glext.h", "C++", 12354, 0, 0, 0, 0, 0, 0, 0, 0, 0, 0, 187, 673, 13214
"d:\Proyectos de Programación\CaelisChaos\Caelis Chaos\vendor\SDL2\include\SDL_opengles.h", "C++", 11, 0, 0, 0, 0, 0, 0, 0, 0, 0, 0, 25, 4, 40
"d:\Proyectos de Programación\CaelisChaos\Caelis Chaos\vendor\SDL2\include\SDL_opengles2.h", "C++", 19, 0, 0, 0, 0, 0, 0, 0, 0, 0, 0, 26, 8, 53
"d:\Proyectos de Programación\CaelisChaos\Caelis Chaos\vendor\SDL2\include\SDL_opengles2_gl2.h", "C++", 625, 0, 0, 0, 0, 0, 0, 0, 0, 0, 0, 21, 11, 657
"d:\Proyectos de Programación\CaelisChaos\Caelis Chaos\vendor\SDL2\include\SDL_opengles2_gl2ext.h", "C++", 3694, 0, 0, 0, 0, 0, 0, 0, 0, 0, 0, 19, 321, 4034
"d:\Proyectos de Programación\CaelisChaos\Caelis Chaos\vendor\SDL2\include\SDL_opengles2_gl2platform.h", "C++", 9, 0, 0, 0, 0, 0, 0, 0, 0, 0, 0, 12, 7, 28
"d:\Proyectos de Programación\CaelisChaos\Caelis Chaos\vendor\SDL2\include\SDL_opengles2_khrplatform.h", "C++", 117, 0, 0, 0, 0, 0, 0, 0, 0, 0, 0, 165, 30, 312
"d:\Proyectos de Programación\CaelisChaos\Caelis Chaos\vendor\SDL2\include\SDL_pixels.h", "C++", 330, 0, 0, 0, 0, 0, 0, 0, 0, 0, 0, 289, 44, 663
"d:\Proyectos de Programación\CaelisChaos\Caelis Chaos\vendor\SDL2\include\SDL_platform.h", "C++", 188, 0, 0, 0, 0, 0, 0, 0, 0, 0, 0, 58, 22, 268
"d:\Proyectos de Programación\CaelisChaos\Caelis Chaos\vendor\SDL2\include\SDL_power.h", "C++", 21, 0, 0, 0, 0, 0, 0, 0, 0, 0, 0, 57, 10, 88
"d:\Proyectos de Programación\CaelisChaos\Caelis Chaos\vendor\SDL2\include\SDL_quit.h", "C++", 7, 0, 0, 0, 0, 0, 0, 0, 0, 0, 0, 44, 8, 59
"d:\Proyectos de Programación\CaelisChaos\Caelis Chaos\vendor\SDL2\include\SDL_rect.h", "C++", 105, 0, 0, 0, 0, 0, 0, 0, 0, 0, 0, 238, 34, 377
"d:\Proyectos de Programación\CaelisChaos\Caelis Chaos\vendor\SDL2\include\SDL_render.h", "C++", 251, 0, 0, 0, 0, 0, 0, 0, 0, 0, 0, 1569, 105, 1925
"d:\Proyectos de Programación\CaelisChaos\Caelis Chaos\vendor\SDL2\include\SDL_revision.h", "C++", 6, 0, 0, 0, 0, 0, 0, 0, 0, 0, 0, 1, 1, 8
"d:\Proyectos de Programación\CaelisChaos\Caelis Chaos\vendor\SDL2\include\SDL_rwops.h", "C++", 118, 0, 0, 0, 0, 0, 0, 0, 0, 0, 0, 669, 55, 842
"d:\Proyectos de Programación\CaelisChaos\Caelis Chaos\vendor\SDL2\include\SDL_scancode.h", "C++", 260, 0, 0, 0, 0, 0, 0, 0, 0, 0, 0, 141, 38, 439
"d:\Proyectos de Programación\CaelisChaos\Caelis Chaos\vendor\SDL2\include\SDL_sensor.h", "C++", 45, 0, 0, 0, 0, 0, 0, 0, 0, 0, 0, 246, 32, 323
"d:\Proyectos de Programación\CaelisChaos\Caelis Chaos\vendor\SDL2\include\SDL_shape.h", "C++", 38, 0, 0, 0, 0, 0, 0, 0, 0, 0, 0, 102, 16, 156
"d:\Proyectos de Programación\CaelisChaos\Caelis Chaos\vendor\SDL2\include\SDL_stdinc.h", "C++", 600, 0, 0, 0, 0, 0, 0, 0, 0, 0, 0, 168, 77, 845
"d:\Proyectos de Programación\CaelisChaos\Caelis Chaos\vendor\SDL2\include\SDL_surface.h", "C++", 144, 0, 0, 0, 0, 0, 0, 0, 0, 0, 0, 785, 69, 998
"d:\Proyectos de Programación\CaelisChaos\Caelis Chaos\vendor\SDL2\include\SDL_system.h", "C++", 95, 0, 0, 0, 0, 0, 0, 0, 0, 0, 0, 469, 75, 639
"d:\Proyectos de Programación\CaelisChaos\Caelis Chaos\vendor\SDL2\include\SDL_syswm.h", "C++", 272, 0, 0, 0, 0, 0, 0, 0, 0, 0, 0, 77, 38, 387
"d:\Proyectos de Programación\CaelisChaos\Caelis Chaos\vendor\SDL2\include\SDL_test.h", "C++", 25, 0, 0, 0, 0, 0, 0, 0, 0, 0, 0, 35, 10, 70
"d:\Proyectos de Programación\CaelisChaos\Caelis Chaos\vendor\SDL2\include\SDL_test_assert.h", "C++", 19, 0, 0, 0, 0, 0, 0, 0, 0, 0, 0, 70, 17, 106
"d:\Proyectos de Programación\CaelisChaos\Caelis Chaos\vendor\SDL2\include\SDL_test_common.h", "C++", 93, 0, 0, 0, 0, 0, 0, 0, 0, 0, 0, 115, 29, 237
"d:\Proyectos de Programación\CaelisChaos\Caelis Chaos\vendor\SDL2\include\SDL_test_compare.h", "C++", 14, 0, 0, 0, 0, 0, 0, 0, 0, 0, 0, 44, 12, 70
"d:\Proyectos de Programación\CaelisChaos\Caelis Chaos\vendor\SDL2\include\SDL_test_crc32.h", "C++", 31, 0, 0, 0, 0, 0, 0, 0, 0, 0, 0, 71, 23, 125
"d:\Proyectos de Programación\CaelisChaos\Caelis Chaos\vendor\SDL2\include\SDL_test_font.h", "C++", 29, 0, 0, 0, 0, 0, 0, 0, 0, 0, 0, 121, 19, 169
"d:\Proyectos de Programación\CaelisChaos\Caelis Chaos\vendor\SDL2\include\SDL_test_fuzzer.h", "C++", 37, 0, 0, 0, 0, 0, 0, 0, 0, 0, 0, 302, 48, 387
"d:\Proyectos de Programación\CaelisChaos\Caelis Chaos\vendor\SDL2\include\SDL_test_harness.h", "C++", 39, 0, 0, 0, 0, 0, 0, 0, 0, 0, 0, 75, 21, 135
"d:\Proyectos de Programación\CaelisChaos\Caelis Chaos\vendor\SDL2\include\SDL_test_images.h", "C++", 29, 0, 0, 0, 0, 0, 0, 0, 0, 0, 0, 39, 11, 79
"d:\Proyectos de Programación\CaelisChaos\Caelis Chaos\vendor\SDL2\include\SDL_test_log.h", "C++", 13, 0, 0, 0, 0, 0, 0, 0, 0, 0, 0, 45, 10, 68
"d:\Proyectos de Programación\CaelisChaos\Caelis Chaos\vendor\SDL2\include\SDL_test_md5.h", "C++", 22, 0, 0, 0, 0, 0, 0, 0, 0, 0, 0, 87, 21, 130
"d:\Proyectos de Programación\CaelisChaos\Caelis Chaos\vendor\SDL2\include\SDL_test_memory.h", "C++", 13, 0, 0, 0, 0, 0, 0, 0, 0, 0, 0, 40, 11, 64
"d:\Proyectos de Programación\CaelisChaos\Caelis Chaos\vendor\SDL2\include\SDL_test_random.h", "C++", 23, 0, 0, 0, 0, 0, 0, 0, 0, 0, 0, 75, 18, 116
"d:\Proyectos de Programación\CaelisChaos\Caelis Chaos\vendor\SDL2\include\SDL_thread.h", "C++", 109, 0, 0, 0, 0, 0, 0, 0, 0, 0, 0, 314, 42, 465
"d:\Proyectos de Programación\CaelisChaos\Caelis Chaos\vendor\SDL2\include\SDL_timer.h", "C++", 25, 0, 0, 0, 0, 0, 0, 0, 0, 0, 0, 179, 19, 223
"d:\Proyectos de Programación\CaelisChaos\Caelis Chaos\vendor\SDL2\include\SDL_touch.h", "C++", 38, 0, 0, 0, 0, 0, 0, 0, 0, 0, 0, 93, 20, 151
"d:\Proyectos de Programación\CaelisChaos\Caelis Chaos\vendor\SDL2\include\SDL_types.h", "C++", 1, 0, 0, 0, 0, 0, 0, 0, 0, 0, 0, 26, 3, 30
"d:\Proyectos de Programación\CaelisChaos\Caelis Chaos\vendor\SDL2\include\SDL_version.h", "C++", 40, 0, 0, 0, 0, 0, 0, 0, 0, 0, 0, 147, 18, 205
"d:\Proyectos de Programación\CaelisChaos\Caelis Chaos\vendor\SDL2\include\SDL_video.h", "C++", 316, 0, 0, 0, 0, 0, 0, 0, 0, 0, 0, 1739, 130, 2185
"d:\Proyectos de Programación\CaelisChaos\Caelis Chaos\vendor\SDL2\include\SDL_vulkan.h", "C++", 39, 0, 0, 0, 0, 0, 0, 0, 0, 0, 0, 157, 20, 216
"d:\Proyectos de Programación\CaelisChaos\Caelis Chaos\vendor\SDL2\include\begin_code.h", "C++", 138, 0, 0, 0, 0, 0, 0, 0, 0, 0, 0, 38, 14, 190
"d:\Proyectos de Programación\CaelisChaos\Caelis Chaos\vendor\SDL2\include\close_code.h", "C++", 10, 0, 0, 0, 0, 0, 0, 0, 0, 0, 0, 27, 4, 41
"d:\Proyectos de Programación\CaelisChaos\Caelis Chaos\vendor\SDL2_image\cmake\sdl2_image-config-version.cmake", "CMake", 0, 0, 0, 0, 48, 0, 0, 0, 0, 0, 0, 0, 7, 55
"d:\Proyectos de Programación\CaelisChaos\Caelis Chaos\vendor\SDL2_image\cmake\sdl2_image-config.cmake", "CMake", 0, 0, 0, 0, 61, 0, 0, 0, 0, 0, 0, 0, 13, 74
"d:\Proyectos de Programación\CaelisChaos\Caelis Chaos\vendor\SDL2_image\include\SDL_image.h", "C++", 109, 0, 0, 0, 0, 0, 0, 0, 0, 0, 0, 2011, 74, 2194
"d:\Proyectos de Programación\CaelisChaos\Caelis Chaos\vendor\SDL2_ttf\cmake\sdl2_ttf-config-version.cmake", "CMake", 0, 0, 0, 0, 48, 0, 0, 0, 0, 0, 0, 0, 7, 55
"d:\Proyectos de Programación\CaelisChaos\Caelis Chaos\vendor\SDL2_ttf\cmake\sdl2_ttf-config.cmake", "CMake", 0, 0, 0, 0, 41, 0, 0, 0, 0, 0, 0, 0, 11, 52
"d:\Proyectos de Programación\CaelisChaos\Caelis Chaos\vendor\SDL2_ttf\include\SDL_ttf.h", "C++", 190, 0, 0, 0, 0, 0, 0, 0, 0, 0, 0, 2017, 112, 2319
"d:\Proyectos de Programación\CaelisChaos\Caelis Chaos\x64\Debug\Caelis Chaos.log", "Log", 0, 0, 87, 0, 0, 0, 0, 0, 0, 0, 0, 0, 1, 88
"d:\Proyectos de Programación\CaelisChaos\Caelis Chaos\x64\Release\Caelis Chaos.log", "Log", 0, 0, 91, 0, 0, 0, 0, 0, 0, 0, 0, 0, 1, 92
"Total", "-", 30737, 4109, 185, 36, 348, 231, 7911, 18605, 2020, 1481, 2871, 28576, 10481, 107591